{
  "algorithm": "KMeans",
  "centers_raw": {
    "0": {
      "atr_pct": 0.680692916,
      "base_width_bars": 1.1299571484,
      "close_lift_atr": 1.7914372743,
      "drop_atr": 4.5544270832,
      "fall_speed_atr": 1.3586095754,
      "local_vs_market_1h": -0.0003006456,
      "near_low_bars": 1.1299571484,
      "prior_touches": 3.3530190884,
      "recovery_ratio": 0.8511565937,
      "recovery_speed_atr": 1.5340941503,
      "second_tests": 0.0453447604,
      "sharpness_atr": 1.1188865626,
      "shoulder_balance": 0.5365485002,
      "trend_slope_atr": -0.0501072995,
      "volume_ratio": 1.1941890668,
      "wick_ratio": 0.5857158983
    },
    "1": {
      "atr_pct": 0.4925953666,
      "base_width_bars": 3.6116592251,
      "close_lift_atr": 0.458704381,
      "drop_atr": 2.4696614316,
      "fall_speed_atr": 0.633849197,
      "local_vs_market_1h": -0.000196199,
      "near_low_bars": 3.6116592251,
      "prior_touches": 6.7793821115,
      "recovery_ratio": 0.9905720801,
      "recovery_speed_atr": 0.6196841385,
      "second_tests": 0.9716621057,
      "sharpness_atr": 0.1281765363,
      "shoulder_balance": 0.6819674492,
      "trend_slope_atr": 0.010070604,
      "volume_ratio": 0.9706136814,
      "wick_ratio": 0.314590303
    },
    "2": {
      "atr_pct": 0.5288796888,
      "base_width_bars": 1.5321437894,
      "close_lift_atr": 0.8375901467,
      "drop_atr": 2.9817269501,
      "fall_speed_atr": 0.7005489179,
      "local_vs_market_1h": -0.0001812096,
      "near_low_bars": 1.5321437894,
      "prior_touches": 5.3380691353,
      "recovery_ratio": 0.9592282922,
      "recovery_speed_atr": 0.6921253869,
      "second_tests": 0.0714472163,
      "sharpness_atr": 0.3808277464,
      "shoulder_balance": 0.7180317833,
      "trend_slope_atr": -0.0148282436,
      "volume_ratio": 0.9657790236,
      "wick_ratio": 0.4760206688
    },
    "3": {
      "atr_pct": 0.6023673681,
      "base_width_bars": 2.1508258024,
      "close_lift_atr": 0.9077863055,
      "drop_atr": 2.317819723,
      "fall_speed_atr": 0.6739372283,
      "local_vs_market_1h": 0.002918728,
      "near_low_bars": 2.1508258024,
      "prior_touches": 6.7101900904,
      "recovery_ratio": 2.8612150854,
      "recovery_speed_atr": 1.5756582645,
      "second_tests": 0.1547210969,
      "sharpness_atr": 0.3052309288,
      "shoulder_balance": 0.680097642,
      "trend_slope_atr": 0.0683562513,
      "volume_ratio": 3.5467692642,
      "wick_ratio": 0.4029698888
    }
  },
  "centers_scaled": [
    [
      1.386606311,
      -0.3170590242,
      -0.5813144813,
      1.0448645155,
      0.975871451,
      1.7135738883,
      -0.7445065569,
      -0.7445065569,
      0.6734506379,
      1.5397269752,
      -0.4349649453,
      -0.3916663322,
      0.2329186517,
      0.027314497,
      -0.4929005453,
      -0.0627169588
    ],
    [
      -0.4714691475,
      -0.1199090047,
      -0.0022084562,
      -0.2294733918,
      -0.302081794,
      -0.6492810439,
      1.171951038,
      1.171951038,
      -0.5866172509,
      -0.6613719876,
      1.0224736352,
      0.2136292176,
      -0.0850602756,
      -0.1555900636,
      0.1976440568,
      -0.0407146841
    ],
    [
      -0.0150838591,
      -0.1642328352,
      0.1414115693,
      -0.1121960333,
      -0.2008399799,
      -0.0467049701,
      -0.4339238927,
      -0.4339238927,
      0.1636373314,
      -0.0356163916,
      -0.3938961621,
      -0.0409907174,
      -0.0237216251,
      -0.1595452439,
      -0.0880715271,
      -0.0375570884
    ],
    [
      -0.6068001149,
      2.525401891,
      -0.0096546426,
      -0.1589870634,
      1.0339602666,
      -0.2270042592,
      0.0438441093,
      0.0438441093,
      -0.1758693171,
      0.080317336,
      -0.2628756571,
      0.2014058711,
      0.1005093046,
      1.951934448,
      0.8664749198,
      0.6154623329
    ]
  ],
  "feature_medians": {
    "atr_pct": 0.3808962193,
    "base_width_bars": 2.0,
    "close_lift_atr": 0.7359876305,
    "drop_atr": 2.7785087719,
    "fall_speed_atr": 0.6120518091,
    "local_vs_market_1h": -7.4955e-06,
    "near_low_bars": 2.0,
    "prior_touches": 4.0,
    "recovery_ratio": 0.8925143954,
    "recovery_speed_atr": 0.620754717,
    "second_tests": 0.0,
    "sharpness_atr": 0.2855639977,
    "shoulder_balance": 0.6666666667,
    "trend_slope_atr": -0.0090257014,
    "volume_ratio": 0.8757566322,
    "wick_ratio": 0.4334782609
  },
  "features": [
    "drop_atr",
    "recovery_ratio",
    "shoulder_balance",
    "fall_speed_atr",
    "recovery_speed_atr",
    "sharpness_atr",
    "base_width_bars",
    "near_low_bars",
    "wick_ratio",
    "close_lift_atr",
    "second_tests",
    "prior_touches",
    "atr_pct",
    "volume_ratio",
    "trend_slope_atr",
    "local_vs_market_1h"
  ],
  "fit_split": "train only",
  "model_hash": "3599937fcd0bfe6b584cb3f41531be549027db405c7463330b13e062a0cf17a2",
  "scaler_mean": [
    2.9986510805,
    1.0753662497,
    0.6825220133,
    0.764358712,
    0.8358318089,
    0.4004104476,
    2.0940502091,
    2.0940502091,
    0.4408112414,
    0.8591553455,
    0.3217993423,
    5.5701030211,
    0.5429120008,
    1.1608008933,
    -0.0071532001,
    -2.923e-06
  ],
  "scaler_scale": [
    1.122002684,
    0.7071543116,
    0.2511093698,
    0.5687348499,
    0.7155269689,
    0.4192851676,
    1.294942337,
    1.294942337,
    0.2151674507,
    0.6054852216,
    0.635578993,
    5.6606446614,
    0.5915409271,
    1.2223609114,
    0.0871455708,
    0.0047470834
  ],
  "seed": 20260712,
  "selected_k": 4,
  "selection": [
    {
      "k": 4,
      "minimum_cluster": 6412,
      "sample_ok": true,
      "selection_score": 0.3599630752,
      "stability_ari": 0.9964499159,
      "train_silhouette": 0.1441232502,
      "validation_silhouette": 0.1533171121
    },
    {
      "k": 5,
      "minimum_cluster": 5450,
      "sample_ok": true,
      "selection_score": 0.3258560231,
      "stability_ari": 0.9988372432,
      "train_silhouette": 0.0968197447,
      "validation_silhouette": 0.1085927574
    },
    {
      "k": 6,
      "minimum_cluster": 4029,
      "sample_ok": true,
      "selection_score": 0.3235210522,
      "stability_ari": 0.9988007141,
      "train_silhouette": 0.0939640676,
      "validation_silhouette": 0.1051234777
    },
    {
      "k": 7,
      "minimum_cluster": 3435,
      "sample_ok": true,
      "selection_score": 0.2940305386,
      "stability_ari": 0.9068258132,
      "train_silhouette": 0.0851989393,
      "validation_silhouette": 0.0966152087
    }
  ],
  "selection_uses": "train + validation metrics; final_oos untouched",
  "type_names": {
    "0": "Deep capitulation",
    "1": "Rounded recovery",
    "2": "Multi-test",
    "3": "Fast V"
  }
}
