{
  "algorithm": "KMeans",
  "centers_raw": {
    "0": {
      "atr_pct": 0.5282163036,
      "base_width_bars": 1.5380828967,
      "close_lift_atr": 0.8350322447,
      "drop_atr": 2.9766685543,
      "fall_speed_atr": 0.6992818029,
      "local_vs_market_1h": -0.0001809772,
      "near_low_bars": 1.5380828967,
      "prior_touches": 5.3498405832,
      "recovery_ratio": 0.9605985442,
      "recovery_speed_atr": 0.6913239147,
      "second_tests": 0.0727350698,
      "sharpness_atr": 0.3785073475,
      "shoulder_balance": 0.718406578,
      "trend_slope_atr": -0.0146293999,
      "volume_ratio": 0.9658571019,
      "wick_ratio": 0.4751566186
    },
    "1": {
      "atr_pct": 0.4927828672,
      "base_width_bars": 3.6185103218,
      "close_lift_atr": 0.4576691582,
      "drop_atr": 2.4672213747,
      "fall_speed_atr": 0.6337151623,
      "local_vs_market_1h": -0.0001930371,
      "near_low_bars": 3.6185103218,
      "prior_touches": 6.7832238871,
      "recovery_ratio": 0.9908494817,
      "recovery_speed_atr": 0.6194405472,
      "second_tests": 0.9755469289,
      "sharpness_atr": 0.1280174381,
      "shoulder_balance": 0.6817678289,
      "trend_slope_atr": 0.0103605334,
      "volume_ratio": 0.9712618093,
      "wick_ratio": 0.3142736722
    },
    "2": {
      "atr_pct": 0.680607794,
      "base_width_bars": 1.1295856629,
      "close_lift_atr": 1.782541139,
      "drop_atr": 4.5429990644,
      "fall_speed_atr": 1.351789373,
      "local_vs_market_1h": -0.0002973844,
      "near_low_bars": 1.1295856629,
      "prior_touches": 3.3545224784,
      "recovery_ratio": 0.8511445562,
      "recovery_speed_atr": 1.5235451607,
      "second_tests": 0.0450333155,
      "sharpness_atr": 1.1124702435,
      "shoulder_balance": 0.538072809,
      "trend_slope_atr": -0.0502046209,
      "volume_ratio": 1.1922394163,
      "wick_ratio": 0.5853795406
    },
    "3": {
      "atr_pct": 0.6022768947,
      "base_width_bars": 2.1524811558,
      "close_lift_atr": 0.9079531349,
      "drop_atr": 2.3169796384,
      "fall_speed_atr": 0.6735259637,
      "local_vs_market_1h": 0.0029209823,
      "near_low_bars": 2.1524811558,
      "prior_touches": 6.7099560302,
      "recovery_ratio": 2.8681668398,
      "recovery_speed_atr": 1.5796218216,
      "second_tests": 0.1553077889,
      "sharpness_atr": 0.3049637974,
      "shoulder_balance": 0.6800382119,
      "trend_slope_atr": 0.0684663552,
      "volume_ratio": 3.5597736735,
      "wick_ratio": 0.4032393002
    }
  },
  "centers_scaled": [
    [
      -0.0195641268,
      -0.1623352485,
      0.142825217,
      -0.1144255027,
      -0.2019569692,
      -0.052396435,
      -0.4292597481,
      -0.4292597481,
      0.1594987586,
      -0.0399614687,
      -0.3917641551,
      -0.0388275129,
      -0.0249414012,
      -0.1595193927,
      -0.0859164589,
      -0.0374735395
    ],
    [
      -0.4736046858,
      -0.1195611533,
      -0.0030793024,
      -0.229703987,
      -0.3024096484,
      -0.6497563702,
      1.1776152039,
      1.1776152039,
      -0.5882118298,
      -0.6631788419,
      1.0290324148,
      0.2143763921,
      -0.0848338177,
      -0.1550984895,
      0.2008168662,
      -0.0400138215
    ],
    [
      1.3764149046,
      -0.317100545,
      -0.575308248,
      1.0328055144,
      0.9610221289,
      1.6979336648,
      -0.7447737454,
      -0.7447737454,
      0.6717646494,
      1.5248550839,
      -0.4353596807,
      -0.3912959242,
      0.2326428342,
      0.0256551671,
      -0.49410488,
      -0.0619933659
    ],
    [
      -0.6075063828,
      2.5349202682,
      -0.0099670629,
      -0.1597091114,
      1.0393858871,
      -0.2277806268,
      0.0452875306,
      0.0452875306,
      -0.1747401506,
      0.0804678135,
      -0.261815667,
      0.2014337916,
      0.1002417088,
      1.9622336271,
      0.8675203479,
      0.615918135
    ]
  ],
  "feature_medians": {
    "atr_pct": 0.380923706,
    "base_width_bars": 2.0,
    "close_lift_atr": 0.7360178971,
    "drop_atr": 2.7784566644,
    "fall_speed_atr": 0.6120518091,
    "local_vs_market_1h": -7.6233e-06,
    "near_low_bars": 2.0,
    "prior_touches": 4.0,
    "recovery_ratio": 0.8925143954,
    "recovery_speed_atr": 0.6207421503,
    "second_tests": 0.0,
    "sharpness_atr": 0.2856647915,
    "shoulder_balance": 0.6666666667,
    "trend_slope_atr": -0.0090128124,
    "volume_ratio": 0.875810149,
    "wick_ratio": 0.4335232543
  },
  "features": [
    "drop_atr",
    "recovery_ratio",
    "shoulder_balance",
    "fall_speed_atr",
    "recovery_speed_atr",
    "sharpness_atr",
    "base_width_bars",
    "near_low_bars",
    "wick_ratio",
    "close_lift_atr",
    "second_tests",
    "prior_touches",
    "atr_pct",
    "volume_ratio",
    "trend_slope_atr",
    "local_vs_market_1h"
  ],
  "fit_split": "train only",
  "model_hash": "b572451d8e65411f64bd9ad2dba18dfc78fa9bf23a3d9eef92373e9fc85db1de",
  "scaler_mean": [
    2.9986200937,
    1.0754061964,
    0.6825410865,
    0.7643632953,
    0.8358431763,
    0.400478654,
    2.0938472088,
    2.0938472088,
    0.4408376848,
    0.8592292325,
    0.3216724143,
    5.56964252,
    0.5429720875,
    1.1608750858,
    -0.0071414437,
    -3.0726e-06
  ],
  "scaler_scale": [
    1.1220301128,
    0.7072256536,
    0.25111456,
    0.5687673716,
    0.7155943279,
    0.4193282719,
    1.2947039983,
    1.2947039983,
    0.2151674042,
    0.6055079701,
    0.6354265475,
    5.6609841929,
    0.5916180785,
    1.2225346435,
    0.0871539199,
    0.0047474732
  ],
  "seed": 20260712,
  "selected_k": 4,
  "selection": [
    {
      "k": 4,
      "minimum_cluster": 6381,
      "sample_ok": true,
      "selection_score": 0.3585320631,
      "stability_ari": 0.9925809894,
      "train_silhouette": 0.1453014021,
      "validation_silhouette": 0.1500039493
    },
    {
      "k": 5,
      "minimum_cluster": 5457,
      "sample_ok": true,
      "selection_score": 0.3248813029,
      "stability_ari": 0.9946394155,
      "train_silhouette": 0.0976226135,
      "validation_silhouette": 0.1076375765
    },
    {
      "k": 6,
      "minimum_cluster": 4027,
      "sample_ok": true,
      "selection_score": 0.3227758563,
      "stability_ari": 0.9961799272,
      "train_silhouette": 0.093664381,
      "validation_silhouette": 0.1052730101
    },
    {
      "k": 7,
      "minimum_cluster": 3541,
      "sample_ok": true,
      "selection_score": 0.2910565221,
      "stability_ari": 0.8960528009,
      "train_silhouette": 0.0862547539,
      "validation_silhouette": 0.0940956086
    }
  ],
  "selection_uses": "train + validation metrics; final_oos untouched",
  "type_names": {
    "0": "Multi-test",
    "1": "Rounded recovery",
    "2": "Deep capitulation",
    "3": "Fast V"
  }
}
